sheet,budget_dimension,budget_name,normalized_budget_name,source,planned_budget,budget_metric
Sheet1,UDR allocation,UDR 12,UDR 12,UDR 12,107.0,goal
Sheet1,UDR allocation,UDR 09,UDR 09,UDR 09,107.0,goal
Sheet1,UDR allocation,UDR 06,UDR 06,UDR 06,107.0,goal
Sheet1,UDR allocation,UDR 25,UDR 25,UDR 25,107.0,goal
Sheet1,UDR allocation,UDR 21,UDR 21,UDR 21,107.0,goal
Sheet1,UDR allocation,UDR 08,UDR 08,UDR 08,107.0,goal
Sheet1,UDR allocation,UDR 23,UDR 23,UDR 23,48.0,goal
Sheet1,UDR allocation,UDR 17,UDR 17,UDR 17,48.0,goal
Sheet1,UDR allocation,UDR 14,UDR 14,UDR 14,30.0,goal
Sheet1,UDR allocation,UDR 18,UDR 18,UDR 18,30.0,goal
Sheet1,UDR allocation,UDR 02,UDR 02,UDR 02,30.0,goal
Sheet1,UDR allocation,UDR 03,UDR 03,UDR 03,30.0,goal
